[
	{
		"imagePath": "res://assets/images/Association_for_Computing_Machinery_(ACM)_logo.svg.png",
		"question": "In the code of ethics ACM Members are referred to as?",
		"options": ["Computer Scientists", "Programmers", "Software Engineers", "Computing Professionals"],
		"correctOptionIndex": 3
	},
	{
		"imagePath": "res://assets/images/Comp_Virus.jpg",
		"question": "An ACM member informed the public about a new piece of software with malware. What did this member accomplish?",
		"options": ["Respecting laws pertaining to professional work.", "Acquiring and maintaining professional competence.", "Improving public understanding of computing.", "None of the above"],
		"correctOptionIndex": 2
	},
	{
		"imagePath": "res://assets/images/CEI.jpg",
		"question": " How many commandments does the Computer Ethics Institute have?",
		"options": ["11", "10", "12", "9"],
		"correctOptionIndex": 1
	},
	{
		"imagePath": "res://assets/images/Sharing_Ideas.jpg",
		"question": "True or false, Thou shalt not share ideas with colleagues, and must work independently is one of the ten commandments of Computer Ethics?",
		"options": ["True", "False"],
		"correctOptionIndex": 1
	},
	{
		"imagePath": "res://assets/images/SCIENTIFIC-PROGRESS.png",
		"question": "True or false the social consequences of the program you are writing is secondary and of little concern, because progress and achievements are all that matter.?",
		"options": ["True", "False"],
		"correctOptionIndex": 1
	},
	{
		"imagePath": "res://assets/images/06.jpg",
		"question": "True or false The very first ethic listed is Thou shall not use a computer to harm other people.",
		"options": ["True", "False"],
		"correctOptionIndex": 0
	},
	{
		"imagePath": "res://assets/images/07.jpg",
		"question": " Which organization wrote the ten commandments of computer ethics??",
		"options": ["ACM", "IEEE", "Computer Ethics Institute", "MIT"],
		"correctOptionIndex": 2
	},
	{
		"imagePath": "res://assets/images/08.jpg",
		"question": "Which of the following is an example of violating this commandment?
Thou shall not use a computer to harm other people.?",
		"options": ["Uploading someone's private information to a social media platform.", " Pirating a video game.", "Distracting someone from their work.", "All of the above"],
		"correctOptionIndex": 0
	},
	{
		"imagePath": "res://assets/images/09.jpg",
		"question": "Thou shalt not copy or use propierty software for which you have not paid.
Which issue is this commandment referring to??",
		"options": ["Piracy","Taking credit for someone else's work.", "Using a computer to harm others.", "All of the above"],
		"correctOptionIndex": 0
	},
	{
		"imagePath": "res://assets/images/10.jpg",
		"question": "Be fair and take action not to discriminate is a sentence that can be found in?",
		"options": ["The ACM Code of Ethics", "The 10 Commandments of Computer Ethics from the CEI ", "Both documents", "Neither document"],
		"correctOptionIndex": 0
	},
	{
		"imagePath": "res://assets/images/11.jpg",
		"question": "True or false? ACM has more ethics listed than the CEI?",
		"options": ["True", "False"],
		"correctOptionIndex": 0
	},
	{
		"imagePath": "res://assets/images/12.jpg",
		"question": "To him, how NOT to beat AI?",
		"options": ["Make end products (comic, ip, app...)", "Build personal brand", "Find your niche, go deep", "Sue /complain AI companies for stealing art"],
		"correctOptionIndex": 3
	},
	{
		"imagePath": "res://assets/images/13.jpg",
		"question": "What he value the most (in theary)?",
		"options": ["Health", "Wealth", "Happiness", "Love"],
		"correctOptionIndex": 0
	},
	{
		"imagePath": "res://assets/images/14.jpg",
		"question": "What should is he carrying?",
		"options": ["What should have been", "The now", "Resentment", "Old relationships"],
		"correctOptionIndex": 1
	}
]
