[
	{
		"imagePath": "res://assets/images/Comp_Virus.jpg",
		"question": "An ACM member informed the public about a new piece of software with malware. What did this member accomplish?",
		"options": ["Respecting laws pertaining to professional work.", "Acquiring and maintaining professional competence.", "Improving public understanding of computing.", "None of the above"],
		"correctOptionIndex": 2
	},
	{
		"imagePath": "res://assets/images/CEI.jpg",
		"question": " How many commandments does the Computer Ethics Institute have?",
		"options": ["11", "10", "12", "9"],
		"correctOptionIndex": 1
	},
	{
		"imagePath": "res://assets/images/Sharing_Ideas.jpg",
		"question": "True or false, Thou shalt not share ideas with colleagues, and must work independently is one of the ten commandments of Computer Ethics?",
		"options": ["True", "False"],
		"correctOptionIndex": 1
	},
	{
		"imagePath": "res://assets/images/SCIENTIFIC-PROGRESS.png",
		"question": "True or false the social consequences of the program you are writing is secondary and of little concern, because progress and achievements are all that matter.?",
		"options": ["True", "False"],
		"correctOptionIndex": 1
	},
	{
		"imagePath": "res://assets/images/invitedtosuffer.jpg",
		"question": "True or false The very first ethic listed is Thou shall not use a computer to harm other people.",
		"options": ["True", "False"],
		"correctOptionIndex": 0
	}
	
]
